Review,Label
 Stuning even for the non-gamer: This sound track was beautiful! It paints the senery in your mind so well I would recomend it even to people who hate video game music! I have played the game Chrono Cross but out of all of the games I have ever played it has the best music! It backs away from crude keyboarding and takes a fresher step with grate guitars and soulful orchestras. It would impress anyone who cares to listen! ^_^,__label__2 
" The best soundtrack ever to anything.: I'm reading a lot of reviews saying that this is the best 'game soundtrack' and I figured that I'd write a review to disagree a bit. This in my opinino is Yasunori Mitsuda's ultimate masterpiece. The music is timeless and I'm been listening to it for years now and its beauty simply refuses to fade.The price tag on this is pretty staggering I must say, but if you are going to buy any cd for this much money, this is the only one that I feel would be worth every penny.",__label__2 
" Amazing!: This soundtrack is my favorite music of all time, hands down. The intense sadness of ""Prisoners of Fate"" (which means all the more if you've played the game) and the hope in ""A Distant Promise"" and ""Girl who Stole the Star"" have been an important inspiration to me personally throughout my teen years. The higher energy tracks like ""Chrono Cross ~ Time's Scar~"", ""Time of the Dreamwatch"", and ""Chronomantique"" (indefinably remeniscent of Chrono Trigger) are all absolutely superb as well.This soundtrack is amazing music, probably the best of this composer's work (I haven't heard the Xenogears soundtrack, so I can't say for sure), and even if you've never played the game, it would be worth twice the price to buy it.I wish I could give it 6 stars.",__label__2 
" Excellent Soundtrack: I truly like this soundtrack and I enjoy video game music. I have played this game and most of the music on here I enjoy and it's truly relaxing and peaceful.On disk one. my favorites are Scars Of Time, Between Life and Death, Forest Of Illusion, Fortress of Ancient Dragons, Lost Fragment, and Drowned Valley.Disk Two: The Draggons, Galdorb - Home, Chronomantique, Prisoners of Fate, Gale, and my girlfriend likes ZelbessDisk Three: The best of the three. Garden Of God, Chronopolis, Fates, Jellyfish sea, Burning Orphange, Dragon's Prayer, Tower Of Stars, Dragon God, and Radical Dreamers - Unstealable Jewel.Overall, this is a excellent soundtrack and should be brought by those that like video game music.Xander Cross",__label__2 
" Remember, Pull Your Jaw Off The Floor After Hearing it: If you've played the game, you know how divine the music is! Every single song tells a story of the game, it's that good! The greatest songs are without a doubt, Chrono Cross: Time's Scar, Magical Dreamers: The Wind, The Stars, and the Sea and Radical Dreamers: Unstolen Jewel. (Translation varies) This music is perfect if you ask me, the best it can be. Yasunori Mitsuda just poured his heart on and wrote it down on paper.",__label__2 
" an absolute masterpiece: I am quite sure any of you actually taking the time to read this have played the game at least once, and heard at least a few of the tracks here. And whether you were aware of it or not, Mitsuda's music contributed greatly to the mood of every single minute of the whole game.Composed of 3 CDs and quite a few songs (I haven't an exact count), all of which are heart-rendering and impressively remarkable, this soundtrack is one I assure you you will not forget. It has everything for every listener -- from fast-paced and energetic (Dancing the Tokage or Termina Home), to slower and more haunting (Dragon God), to purely beautifully composed (Time's Scar), to even some fantastic vocals (Radical Dreamers).This is one of the best videogame soundtracks out there, and surely Mitsuda's best ever. ^_^",__label__2 
" Buyer beware: This is a self-published book, and if you want to know why--read a few paragraphs! Those 5 star reviews must have been written by Ms. Haddon's family and friends--or perhaps, by herself! I can't imagine anyone reading the whole thing--I spent an evening with the book and a friend and we were in hysterics reading bits and pieces of it to one another. It is most definitely bad enough to be entered into some kind of a ""worst book"" contest. I can't believe Amazon even sells this kind of thing. Maybe I can offer them my 8th grade term paper on ""To Kill a Mockingbird""--a book I am quite sure Ms. Haddon never heard of. Anyway, unless you are in a mood to send a book to someone as a joke---stay far, far away from this one!",__label__1 
" Glorious story: I loved Whisper of the wicked saints. The story was amazing and I was pleasantly surprised at the changes in the book. I am not normaly someone who is into romance novels, but the world was raving about this book and so I bought it. I loved it !! This is a brilliant story because it is so true. This book was so wonderful that I have told all of my friends to read it. It is not a typical romance, it is so much more. Not reading this book is a crime, becuase you are missing out on a heart warming story.",__label__2 
" A FIVE STAR BOOK: I just finished reading Whisper of the Wicked saints. I fell in love with the caracters. I expected an average romance read, but instead I found one of my favorite books of all time. Just when I thought I could predict the outcome I was shocked ! The writting was so descriptive that my heart broke when Julia's did and I felt as if I was there with them instead of just a distant reader. If you are a lover of romance novels then this is a must read. Don't let the cover fool you this book is spectacular!",__label__2 
" Whispers of the Wicked Saints: This was a easy to read book that made me want to keep reading on and on, not easy to put down.It left me wanting to read the follow on, which I hope is coming soon. I used to read a lot but have gotten away from it. This book made me want to read again. Very enjoyable.",__label__2 
" The Worst!: A complete waste of time. Typographical errors, poor grammar, and a totally pathetic plot add up to absolutely nothing. I'm embarrassed for this author and very disappointed I actually paid for this book.",__label__1 
" Great book: This was a great book,I just could not put it down,and could not read it fast enough. Boy what a book the twist and turns in this just keeps you guessing and wanting to know what is going to happen next. This book makes you fall in love and can heat you up,it can also make you so angery. this book can make you go throu several of your emotions. This is a quick read romance. It is something that you will want to end your day off with if you read at night.",__label__2 
" Great Read: I thought this book was brilliant, but yet realistic. It showed me that to error is human. I loved the fact that this writer showed the loving side of God and not the revengeful side of him. I loved how it twisted and turned and I could not put it down. I also loved The glass castle.",__label__2 
" Oh please: I guess you have to be a romance novel lover for this one, and not a very discerning one. All others beware! It is absolute drivel. I figured I was in trouble when a typo is prominently featured on the back cover, but the first page of the book removed all doubt. Wait - maybe I'm missing the point. A quick re-read of the beginning now makes it clear. This has to be an intentional churning of over-heated prose for satiric purposes. Phew, so glad I didn't waste $10.95 after all.",__label__1 
" Awful beyond belief!: I feel I have to write to keep others from wasting their money. This book seems to have been written by a 7th grader with poor grammatical skills for her age! As another reviewer points out, there is a misspelling on the cover, and I believe there is at least one per chapter. For example, it was mentioned twice that she had a ""lean"" on her house. I was so distracted by the poor writing and weak plot, that I decided to read with a pencil in hand to mark all of the horrible grammar and spelling. Please don't waste your money. I too, believe that the good reviews must have been written by the author's relatives. I will not put much faith in the reviews from now on!",__label__1 
" Don't try to fool us with fake reviews.: It's glaringly obvious that all of the glowing reviews have been written by the same person, perhaps the author herself. They all have the same misspellings and poor sentence structure that is featured in the book. Who made Veronica Haddon think she is an author?",__label__1 
" A romantic zen baseball comedy: When you hear folks say that they don't make 'em like that anymore, they might be talking about ""BY THE SEA"". This is a very cool story about a young Cuban girl searching for idenity who stumbles into a coastal resort kitchen gig with a zen motorcycle maintenance man, three hysterical Italian chefs and a Latino fireballing right handed pitcher who plays on the team sponsored by the resort's owner. As is often the case she 'finds' herself through honest, often comical but always emotional, interaction with this sizzling roster of players. With the perfect mix of special effects, that salsa sound and flashbacks, BY THE SEA, gets 4 BIG stars from me!",__label__2 
" Fashionable Compression Stockings!: After I had a DVT my doctor required me to wear compression stockings. I wore ugly white TED hose and yucky thick brown stockings. Then I found Jobst UltraSheer. They gave me the compression I needed (15-20,) but looked like regular pantyhose. Even though my blood clot has been gone for 4 years, I still buy these to wear as support stockings because they make my legs feel so nice.**Note, I have problems with the rubberized tops rolling down my thigh. I tried the Jobst adhesive, but I hated having my skin pulled all day. I bought an inexpensive garter belt and it works fine and helps keep the stockings from rolling.",__label__2 
" Jobst UltraSheer Thigh High: Excellent product. However, they are very difficult to get on for older people. I feel like I've had a full day workout after getting them on. Also, as the day wears on, they begin to roll down from the top and create a very deep ridge in the skin. I have to wear them, so if those two difficulties could be addressed it would be such a help.",__label__2 
 sizes recomended in the size chart are not real: sizes are much smaller than what is recomended in the chart. I tried to put it and sheer it!. I guess you should not buy this item in the internet..it is better to go to the store and check it,__label__1 
" mens ultrasheer: This model may be ok for sedentary types, but I'm active and get around alot in my job - consistently found these stockings rolled up down by my ankles! Not Good!! Solution: go with the standard compression stocking, 20-30, stock #114622. Excellent support, stays up and gives me what I need. Both pair of these also tore as I struggled to pull them up all the time. Good riddance/bad investment!",__label__1 
" Delicious cookie mix: I thought it was funny that I bought this product without knowing it was a mix. I read the header very quickly and just thought it was packaged cookies. But no, it is cookie MIX and I guess I should have noticed that since it is right in the title.This is the first time I have ever tried baking with a cookie mix. If you are used to the convenience of the cookie dough that you buy wrapped up in plastic logs then you might be in for a bit of a surprise. Mixing up the dough can get VERY messy (it is extremely sticky). However, with a cookie mix like this you have a lot of flexibility in the ratio of ingredients (I like to add some extra butter to make the baked cookies more chewy). Also, this mix has really large chocolate chips in it--I love that.I removed a star for the addition of 'natural flavors' in the mix.",__label__2 
" Another Abysmal Digital Copy: Rather than scratches and insect droppings, this one has random pixelations combined with muddy light and vague image resolution. Probably the cue should have been the packaging is straight out of your street corner bootleg dealer.If you've ever seen a reasonably good condition film copy, you know the defining visuals of his film are the crystal clear lighting contrasts in black and white. The surrounding countryside and 'old home' scenes are set with early morning ground mists or the haze of memory while the events on the bridge and in the water are bright, clear, and immediate.Here everything is dull, dark, and clouded. Or, if you remember the timbre and enunciation of Captain's commands, so are the visuals.After that, it is hard to believe this award winning, critically acclaimed film's best presentation is on YOUTUBE. Somewhere ""out there"" is a DVD that comes up to the standard of a 16mm public library reel.Just none of them appear to be on Amazon.",__label__1 
" A fascinating insight into the life of modern Japanese teens: I thoroughly enjoyed Rising Sons and Daughters. I don't know of any other book that looks at Japanese society from the point of view of its young people poised as they are between their parents' age-old Japanese culture of restraint and obedience to the will of the community, and their peers' adulation of Western culture. True to form, the ""New Young"" of Japan seem to be creating an ""international"" blend, as the Ando family demonstrates in this beautifully written book of vignettes of the private lives of members of this family. Steven Wardell is clearly a talented young author, adopted for some of his schooling into this family of four teens, and thus able to view family life in Japan from the inside out. A great read!",__label__2 
" i liked this album more then i thought i would: I heard a song or two and thought same o same o,but when i listened to songs like ""blue angel"",""lanna"" and 'mama"" the hair just rose off my neck.Roy is trully an amazing singer with a talent you don't find much now days.",__label__2 
" Problem with charging smaller AAAs: I have had the charger for more than two years. It charges AA batteries just fine, but has a huge problem securing smaller AAA batteries. To charge the smaller batteries you need to flip down the little button at the positive end. In the beginning one of the four AAA batteries would pop up, and now three out of the four won't hold. The problem is the flip mechanism became loose, and any horizontal pressure would push the buttons back up. What I have to do now is using duct tape and a segment of crayon, apply the crayon on the buttons, and wrap the tape around. You know how painful that is.",__label__1 
" Works, but not as advertised: I bought one of these chargers..the instructions say the lights stay on while the battery charges...true. The instructions doNT say the lights turn off when its done. Which is also true. 24 hours of charging and the lights stay on. I returned it thinking I had a bad unit.The new one did the same thing. I just kept it since it does charge...but the lights are useless since they seem to always stay on. It's a ""backup"" charger for when I manage to drain all my AAs but I wouldn't want this as my only charger.",__label__1 
" Disappointed: I read the reviews,made my purchase and was very disappointed. The charger is convenient by charging all four batteries at once but the charge only lasts a very short time. I now have to go and find batteries that will give me longer life than the kodak NiMH AA batteries.",__label__1 
" Oh dear: I was excited to find a book ostensibly about Muslim feminism, but this volume did not live up to the expectations.One essay, among other things, describes the veil as potentially liberating. It doesn't begin to explain how or why.Another, on Muslim women in Cape Town, claims that Muslim women there are separate but ""more than equal."" Gee whiz, what a disappointment.I had expected and hoped for at least one Muslim feminist condemnation of gender apartheid. But there is not a single one in the book.I'm surprised it didn't have an essay extolling the virtues of female genital mutilation.--Alyssa A. Lappen",__label__1 
" Based on the reviews here I bought one and I'm glad I did!: This VCR/DVD was an early Christmas present to myself after deciding to join the rest of the world in DVD-land but not wanting to let go of my VHS movies quite yet. Based on the reviews and price, and because I own a JVC TV, this was my choice. I agree with the easy set-up. It's a bit awkward to work the whole TV/VHS/DVD selection options but I think I've gotten the hang of it.Two comments: it's not intuitive and actually is pretty complicated (too many buttons on the remote but that might please others who are more technically-minded than me) so I've had to rely heavily on the how-to manual. And setting the VCR timer is awkward -- you can't enter the start and end time but have to scroll (unless I'm missing something)...but those are my only complaints. This is a good product for your $$$.",__label__2 
" Incorrect disc!: I am a big JVC fan, but I do not like this model, I was suspiscious when I saw several units in the return section of the store. I bought one anyway (new) and must say I am not happy. The unit sends out clicks to the receiver once in a while, the transition between scenes is not always smooth,(like a little pause) and while it is still fairly new I can't get any DVD,CD or even a DVD headcleaner to work. All I get is a ""incorrect disc"" message.",__label__1 
" happy with it...but: I'm a JVC nut...I have 3 JVC televisions, one VCR, one bookshelf audio system and car audio system. So when it came time to move the VCR player to the boys room and get another one for the old man I knew what make it was going to be. I decided on the combo player because I don't think VHS is going to be around much longer. I like my combo player except for 2 things:(1)no cable box compatability on the remote control (2)no seperate audio video inputs only input for coax cable from my cable box so all of the cable programming is in mono...wife can't tell the difference in the sound so if she's happy then I'll just live with it. VCR and DVD look and sound GREAT!!!!!!!",__label__2 
" should be titled ""Hollywood Debacle"": The plot is so ridiculous, I have to wonder if they even read the script before making this film. The mountain lion breaks out of his trailer - and the cars behind don't notice? The mountain lion is captured - and put in a jail cell? Get real! Utterly, completely stupid.",__label__1 
" Is this great TV??? You bet it is: Hotel Babylon is not just good TV...it's great TV!!!! The show features some incredible acting from Tamzin Outhwaite (formerly of EastEnders, a BBC soap) and Max Beesley (from the ill-fated movie ""Glitter"" starring Mariah Carey). The show could make for a great drama series, but I felt that it is a mix of a drama, comedy, and soap opera all mixed into a great BBC show. The show aired on BBC America for a while but didn't get around to seeing it. I can now say that I got the DVD set and all the episodes are great. The season finale was an interesting to watch.The show reminds me of Hotel which aired on ABC from 1983 to 1988. The reason...Hotel was set at a fictional San Francisco hotel as Hotel Babylon was set at a luxury five-star hotel in England.I recommend this DVD to anyone who is willing to watch a great show from the BBC.",__label__2 
" Nothing you don't already know: If you have even casually looked into applying to law school, have already read everything there is in this book, do not waste your money, seriously!!",__label__1 
" Unfortunately it wasn't entertaining in the least bit.: When I first ordered the CD, I figured it was going to be a hip, cool daddy vibe CD. However much to my dismay it sounds like a fourth grade music class. The main jist of the CD is that there is a xylaphone playing over peoples voices trying to replicate happening party. I believe if I played this CD at a party anywhere in my neighborhood I would get laughed off the beach. Growing up a surfer in San Diego, I would not recommend this CD to any of my Southern California brothers. Honestly, when I played it I kinda of felt I was in a bad B movie. The absolutle epitimy of the CD is the last ""vibe"" Surf Cha Cha. Surfers don't CHA.",__label__1 
" Rochelle explains It All for You: Wondering what the hell has happened to the moral aspect of modern American culture ? This book is a lucid, well argued explanation of the simple fact that we have become so totally focused on our individual RIGHTS that we have completely ignored, and even mocked, our personal and public responsibilities. The final response and indictment of Robert Ringer's best seller, LOOKING OUT FOR #1. This is a great time for anyone who is disgusted with the boorish state of American media, politics and discourse in general, to clear their heads for the substantial challenges that lie before us not only as Americans, but as human beings. A great book",__label__2 
" More great playing: Larry's work for the Muse label in the late 80s and early 90s found him exploring the rich catalog of jazz standards that he probably grew up playing. Surrounding himself with the best musicians around, Larry sounds relaxed, focused, and totally in control. Listen to Larry's take on ""My Funny Valentine"" and tell me it doesn't stand right up there with Chet Baker's or Miles'. A very fine album that you'll enjoy again and again.",__label__2 
" Doesn't work on a Mac: It clearly says on line this will work on a Mac OS system. The disk comes and it does not, only Windows . Do Not order this if you have a Mac!!!!!!!",__label__1 
" Very Frustrating: My three year old son was very excited to get this but after two attempts at playing it hasn't been touched since. You are not able to use the mouse through any of the games except for the ""power-up segments"" instead you are using the up-down arrows on the keyboard - too hard for him and not much fun. Very disapointed with this game and wish I could return it.",__label__1 
" Mind numbing: This game makes you do the same things over and over, it never holds my son's attention long enough to get to the next level. There is no choice of games you have to do every thing in order. We have another Rescue Heroes game and both my boys 3 and 6 love it, but this one is a dog!",__label__1 
" Cannot recommend: As a former Alaskan, I didn't want to have to do this. But after repeatedly attempting Allman's recipes and having to throw out 8-10 cups of flour and miscellaneous ingredients nearly every time--and then comparing to Ed Wood's recipes which work flawlessly, and Lisa Rayner's very excellent Wild Bread: Hand-baked sourdough artisan breads in your own kitchen, I can't help but notice that their recipes work, where Allman's fail.I'm not a novice baker. The only thing that worked reliably was the pancakes recipe, but that can be found other places as well.If you are looking for reliable recipes and concise information about starting a sourdough and maintaining it, I recommend any of Ed Wood's books, even his very old ones. Lisa Rayner has written a fabulous tome in Wild Bread. But pass on this book.While some of the historical vignettes were interesting--not enough so to warrant the cost of the book. Check it out at your library if you must.",__label__1 
 Alaska sourdough: REad most of the book while visiting my brother in Alaska. Loved it. I am going to be making my sourdough starter soon. Book is full of great stories and recipes.,__label__2 
" Old and good: This book is worth to keep in your collection as it does not only advise what to do with sourdough but Ruth also told you what the picture of past 100 years ago in Alaska where no stand mixer nor any civilized stuffs in kitchen, just a pot of sourdough.",__label__2 
" autumn: got this for my daughter in NC, she is now making prefect bread. Wish she lived closer to make me some",__label__2 
" Fast mp3 download of music waxed decades ago: One of these 26 songs played as background music on a YouTube video of some kind of gymnastic or dance feat out of Russia. I hunted down the melody, read the English lyrics, then decided to see what else was in the album. Downloaded the full album for $15 via Amazon mp3 downloader, and now happily listen to the melodies (interspersed) on my iPod.",__label__2 
" Maybe I got a bad one.: My experience: I got this from FM, not Amazon. The DVD player rattled pretty loudly sometimes (but not always) when I put in a DVD. I tried several. The picture quality wasn't all that great and the screen got a horizontal line thru the middle after a short time that would not go away. Plus one of the other reviewers was dead on about the remote - the layout makes no sense at all! Very poor human engineering, IMO. I brought it back to the store for a refund. I saw the same model under the Emerson name for <$400 at WM but was hesitant to buy it.",__label__1 
" Sylvania 6620LDG 20"" Flat Panel LCD TV with Built in DVD player: Light weight, space saving very attractive design. Sharp Picture, Good sound quality and quick response time. DVD playback also excellent. Only negative is its remote control. It is hard to read the functions of the keys due to color choices. The placement of the keys are almost illogical and you have to look at it carefully before each use. It almost seems like it was designed by an imbecil. The quality, the features and the price still makes this TV an excellent buy.",__label__2 
" TERRIBLE!! DO NOT BUY THIS: I bought this for my wife for her birthday,and had toreturn it because the DVD palyer would not work. I returned it and got a repalcement, which once again the DVD player failed to work! It is a piece of junk.",__label__1 
" *** BEWARE ***: This TV is set so that it is not capable of a ""recall"" function. If you want to flash back between channels, this TV is not going to give it to you. The remote control that comes with the TV has no recall function, so I bought a Sony universal, which is a much better remote, that had the recall button on it. However, I soon learned that the TV is set at the factory to not have the capability to flash-back. It may not be a big deal to some, but this user found it very annoying.",__label__1 
" Kitchen TV: I bought this to replace a 13"" tube tv in my kitchen. What I gained was a larger screen plus relcaiming the counter space. The picture is good, and the internal DVD player is a bonus. All in all, a good purchase.",__label__2 
" Nice for the money: The first one I bought was defective. The DVD didn't work at all. I purchased it from Electronics Express and when I contacted them they were wonderful. They gave me an RMA number right away, Fedex picked it up the next day and a new one arrived 1 week later. This one is just fine. I really love the clarity of the picture. My only complaint is that in DVD mode, the sound isn't loud enough. I have it in my RV and with the A/C running, I can barely hear it. I solved the problem by running an audio out jack from the TV to the input on the RV stereo speaker system. It's very lightweight and easy to move around and store. A bonus for the RV. The remote isn't great, but it works just fine and the video/audio jacks and antenna input are easy to get to as is the DVD player. All in all, it's a great deal for the price.",__label__2 
" Disappointed Romanian!: This book in my opinion is biased and takes an angle of Europe that is ""clean and proper"" and fails to shed light on the rest of it. I can understand that these are ""tourist guides"" and why would anyone want to tour a country forgotten by time. However, I am a very disappointed Romanian with this book and would never use it as my reference. I have seen travel guides outlining Europe exclude Romania before, but with the precision and detail of DK's series, I was left yet again in disappointment.",__label__1 
" Great travel guide to Europe!: This book is realy great for everybody who likes to travel Europe. The combination of good pictures, illustration and texts is perfect. You get a good overall view for the most important sights, places, cities and countries in Europe and also a bit of historical information. As a European who already traveled a bit I still could find a lot of inspiration to more interesting places to go. Thank a lot to Eyewitness Travel for there great books!",__label__2 
" Not the best: I bought both this and lonely planet and have used lonely planet more because this book is full of pictures but doesn't give you all the info you need. Also, I ended up buying each indiv city guide as well because this one only scratches the surface!",__label__1 
 Good but received defective book: I bought this book because we are moving to Germany and I wanted to get a good overview of all the countries in Europe that we could travel too. Unfortunately pages 457-480 on Greece are not in English - looks to be Spanish. There was some sort of printing problem! But I found the rest of the book to give good highlights of the countries.,__label__2 
" From The Label:: From Memphis, TN. comes The Reatards, fronted, of course, by wild kid Jay Reatard. He starting off on Eric Oblivians label, Goner, at the tender age of 15. Jay, now 19, is still rocking and offending the sensibilities of his community. Overdriven, loud, crackling guitars underlaying Jay's southern crooning howl energizes some of the most amazing hate-filled song writing we've heard in years.",__label__2 
" Either 1 or 5 Stars. Depends on how you look at it.: Either 1 or 5 Stars. Depends on how you look at it.1 Star because they sent 6 feet of 2"" OD copper pipe.0 Star because they won't accept returns on it.5 stars because I figure it's actually worth $12-15/foot and since they won't take a return I figure I can sell it and make $40-50 on this deal",__label__1 
" Hunting the Hard Way: Thia was a gift for my Husband, who loved the book. It arrived on the date we were told it would.",__label__2 
" Disappointing: The text is the same as ever (I think), but the plates are markedly inferior to all previous editions. Had I known this ahead of time, I would not have purchased this volume.",__label__1 
" Homer or Moses?: An extremely helpful gem on a complex subject of second century religious authority and textual use. For anyone serious about this period and the interelation of cultures, this book is essential. Is it complex and detailed? Of course, it must be to argue the point. Should you buy it? Yes, unless you want to keep running back to the library. I write this only after thoroughly disagreeing with the review above.",__label__2 
" Very poor quality.: The screen arrived in a cardboard box that was pretty beat up. The screen itself is very lightweight, very cheesy looking. The ""finish"" was worn across the entire top of the screen. I knew this wasn't solid brass, but I expected something that at least looked decent from a distance for the price I paid.",__label__1 
" Scraped across the whole top.: Purchased this screen last week and it came with noticeable scrapes across the top. The box it came in was gigantic with plenty of packaging material, but the screen was packaged loosely at the bottom. However, since it was in another smaller box, I'm thinking that the scraping was there to begin with, and not from shipping. Still deciding whether to go through the trouble of exchanging it since another reviewer said they had the same damage. I wouldn't want to risk getting another with the same damage and I really need a screen right now. Other than the damage, it's a very nice screen.",__label__1 
" unknown Africa: You don't expect music from africa to be so profesionally produced. Me from the white world, don't understand the lyrics, but we do understand the music which is a mixture between salsa, soukous and fado with always the african feeling for rithem. The soft almost borred voice of Oliver N'goma fits pefectly in the music. The CD is recorded in France Paris, you can hear that professionals have been working on the CD. A must for a hot, lazy night.greetings Arno, Amsterdam",__label__2 
" Didn't live up to expectations.: I ordered these shoes to replace the previous pair that had ripped apart at the sole. Clark said they did not make this shoe anymore, so I had to order them through Amazon. Sadly, the second pair ripped in the same place within 3 months. My son has since bought a similar pair from Sperry and they seem to be holding up much better.",__label__1 
" Profound then. Truly horrible now.: The narrative style of this work by famous founders' biographer John Morse is arrogant, flippant and frequently exaggerated. It carries the tone of the amateur Yankee historian on high, passing judgment on this Southern statesman who was neither from Boston nor a Harvard graduate. Perhaps considered penetrating for its day, it really represents nothing more than opinion today. The research is so thin that one must conclude that Morse wrote the entire manuscript essentially from memory, with little reference to the primary and secondary sources we expect of historians now. If it weren't for the fact that Morse wrote this piece 110 years ago, I'd have rated it only one star.",__label__1 
" Definitely enjoyed!: This was a gift for my 6 yr old daughter. She is a big Barbie fan as well as loves to use the computer. She is still enjoying this game. She completed it in a few hours which worried me at first, but she loves to do it over and over again. The music is enjoyable and the colors are vibrant. It seems to be very user friendly also....my daughter has not really needed my help to use it once she started it the first time.",__label__2 
" Even Mommy has fun with this one!: My four year old daughter loves everything Barbie and loves the Rapunzel movie. This game is tons of fun, even for a 42 year old. We love playing it together. We love decorating all the rooms and finding the gems. What even better is, she can play it alone and I get some me time!",__label__2 
 Great combination of creativity and adventure: My 4 year old daughter has been addicted to this game. She plays it over and over again. She loves the opening song and has been singing it non stop. She gets excited each time she completes a room and finds a gem and loves solving the maze to find Prince Stefan. The only problem is that she sings the song so much I can't get it out of my head!,__label__2 
 Rapunzel: This is such a great game both my 3 year old son and 7 year old daughter love it. I like to play to if they would let me! So much fun decorating the rooms and so many choices to keep you playing Great game. Not at all what you would think a Barbie game would be. Great fun for all!!,__label__2 
" [Not what I expected]: ... My daughter and I loved the movie. She is 5 years old and it took her 2 hours to complete the game. Absolutely no challenge, and very little interaction. It is essentially just clicking on the screen to make it play the 7 or 8 scenes it has programmed. There are no games to play, nothing to figure out, nothing to do. Save your money.",__label__1 
" barbie rapunzel = crying child: My 6-year old daughter is currently sobbing in her bedroom as a result of this rotten game.She spent an hour on this game painting in pretty pictures and coloring in flowers. But halfway through the game, the program hung, and wouldn't let us leave the room or click anywhere else. Now even if we exit the game and then start it back up, we are frozen in one spot while Barbie's disembodied voice urges us to ""explore somewhere else in the castle.""Standard software troubleshooting and rebooting didn't help. Vivendi Games' support site is ""currently disabled."" And now I'm left with a weeping, frustrating child who doesn't understand that it is not her fault that her game won't work. I'm hoping it was just incompetent software programming that couldn't catch the bug my 6-year old caught the first time around. Or maybe they just don't care about the problems, so long as you get our 20 bucks. If you don't want a crying little girl, avoid this game!",__label__1 
" Barbie as Rapunzel: A Creative Adventure: I purchased this software for my 5 year old granddaughter and she loves playing it so much. She lets me play it sometimes, but she doesn't always like what I come up with. I plan to purchase other software programs for her.",__label__2 
" Use your imagination!: My 3 year old daughter & I both love this software. We actually fight over who is going paint the pictures or choose the themes for each room. This game allows you to be creative & use your imagination by ""decorating"" each room of the castle and finding the missing gems to the prince's crown which gives Rapunzel the power to find Prince Stephan who has been turned to stone & bring him back to life. The music & animation is the best I have seen. Most of the kids software that I've seen is boring to me as an adult, but this is not at all. I sometimes like to play it without her! There are so many variations on color schemes & patterns & that you can never be bored. I highly recommend this for girls of all ages.",__label__2 
" Not so good - ok for a rental!: This game is pretty exciting and it is very nice and it is really creative and one of a kind. The only bad thing is that there is only one ""castle"" for the kids to ""decorate"" and once you are done with the whole castle that is basically it. You either have to create a new username for yourself to do it all over again or you get another game like I did. My sister finished the ""castle"" in about 2 hours and after that has never even looked at this game anymore. It is a nice game and it is fun but it is not really worth that much money.",__label__1 
" NOT OS X but MAC CLASSIC: NEGATIVE: This game does not work with OS X and requires the CD so you can't have it on multiple computers. It is slow I have to tell my daughter that it is thinking a lot, this is because it has to access the CD everytime there is a new task. You can't view the openning sequence again without throwing out the saved game files. Some of the tasks and controls are too hard and not user friendly even for adults.it CRASHES all the time.Mouse is jumpy and hard to use.POSITIVE: Some tasks are easy, possible to use, grand and beautiful.My three year has enough patience to survive the multiple trials to get this to work.",__label__1 
" Bad Deal!!: I ordered this DVD and received a substitute I never received the DVD I ordered from Importcds (the Vendor). I contacted them and did not recieve any feedback. I can't rate a DVD I have never seen. I didn't bother to send it back because it would have cost me more that I orginally paid for it. In the future I will watch for the name of the person and/or persons I am buying from. I thought they were a good company. I understand a simple mistake but, to not get a response at all is not good businees sense. I spend hundreds of dollars a month on Amazon.com building my DVD collection. I guess I will be more careful in the future.",__label__1 
" Smells divine.: This is my second bottle of sheer freesia, I just love this fragrance, its a light delicate sent, beautiful, like a summer day.",__label__2 
 Very disappointed!: This perfume is just AWFUL! Smells nothing like freesia.The gift recipient was not impressed. The worst is that it can't be returned!,__label__1 
" Creepy: Wow, what people will do behind jealousy and revenge - there are some doors you should not open, and if you do - be prepared for what you find behind it!",__label__2 
" audio options non existent: While the movie in itself was better than i expected what i didnt expect was the ""non existent"" Thai soundtrack. While the option was on the disc menu (as well as stated on the package) the Thai soundtrack does not exist. No matter what you choose, Thai or English, English is what you get and while there are some exceptions most dubbing is ridiculous at best and the dubbing on this title is sub par. While this review covers only the first movie of the two the other may remain in plastic never to see the inside of my dvd player. Its a shame and a sham when you purchase what claims to be original and is not. Very disapointed in this offering from Tokyo Shock.",__label__1 
" Sooo JAMMIN', too trill: Man, some more jammin tracks from the SUC. This is Pokey's first official record....and sh** is sooo real. Love the production, everything is real nice & screwed out. This is among the last of the great SUC records. Not to say they've fallen off....just they've downsized so much with the deaths of the screw pioneers. Sad but true. If ya love Tx rap, you've gotta get this 1. Somethin to kickback & blow big too, somethin to jam in the ride. So underrated, right here. I wish people would forget all the bullsh** on BET/MTV and check what's happening in Houston. But i guess...it's sadly almost too late. Pat's gone, hawk's gone...screw, Moe, Pimp C, Big Steve. Makes me sad. Regardless, Pokey is still alive and making new music, keeping the legacy alive. And this is a great place to start with him. Classic record. Love it, man",__label__2 
" Dirty South: This is probably the best southside CD to ever come out. Pretty much every song has a guest or 2 on the track. From the late Fat Pat, to Botany Boys, Mr. 3-2, Big Steve, Chris Ward, H.A.W.K, and many more. This is how a southside CD should always be.",__label__2 
" Good book: Well written chronicles of The Farm from the people who lived it. Excellent photos as well.I kept looking for a photo of me and my then-wife, but I wasn't there long enough. But shewas :-)",__label__2 
 voices from the farm: i have a copy of this book and love it and can't wait til the revised version comes out in a few weeks,__label__2 
" Little one, maid of Israel: Bill Harvey has a wonderful gift of making history come alive in this book. This book awakens a sense of wonder at the possiblility of a real relationship with God as you follow the faithfulness of one little girl in ancient times. Young girls ages 5-15 will love this book. It has always been one of my most loved treasures, a real Keeper !",__label__2 
 It Drew Air: This book drew air pretty bad. I have no idea why someone would waste their time writing it. Boy did it draw air. Do not read this book.,__label__1 
" comfy,warm.. but run big: just like the title says. Warm, comfy but run a size too big. I don't wear them out as they are just for lounging, so it's not that big of a deal for me.",__label__2 
" Buyer Beware!!: I ordered the cake topper June 27, 2010. I was given an estimated shipping date of July 1-7, 2010. Those dates came & went with no cake topper. I contacted the seller twice with no response. I filed a claim with Amazon. I did end up receiving a cake topper on July 16, 2010; however, it's not even the one I ordered! The seller did refund my money, but has never contacted me or apologized for the mishap. I will never buy anything from the seller again. I looked at the seller's feedback & I'm not the only person they have done wrong, so buyer beware!!",__label__1 
 Ariel Litte Mermaid with pearl kit: Arrived very quickly and it is a cute topper however I wouldn't have bought it if they didn't provide instructions!!!! I should have listened to the other reviews.... If you are hoping to get more than the topper DO NOT BUY THIS!! So annoyed I have this Ariel and have no idea how to decorate the cake.,__label__1 
" No instructions included - do not trust seller: Promised with this item are ""Complete Instructions"" and the additional pledge that ""Sweet Graces will email you with the Supply List and Instruction sheets on purchase - so you can be ready ahead of time!"" I received none of this - only a plastic figurine and bracelet. To boot, Amazon claims they can do nothing to help me contact the seller. All I got was a phone number for the manufacturer. Let's hope that yields some results. Meanwhile, I'm wishing I had listened to previous feedback about this unreliable seller :/",__label__1 
" Why is SOULWAX ignored by critics & consumers alike?!: I just don't get it - SOULWAX has been around since the 90s, when they released their ""rock"" debut (on the now defunct Almo Sounds), chock full of should-have-been radio hits, and then when while they got some attention for their ""2 Many DJs"" mash-up/remix bootlegs, when they return to a full-fledged band, as with last year's ANY MINUTE NOW, critcs & consumers alike barely took notice of that album's amazing writing, production, and sheer electro-rock power. Hopefully, ""Nite Versions"" (a cheeky title recalling when 80s bands like Duran Duran used to release ""Nite Version"" on 12"" of singles for clubs) will garner more sales and attention for SOULWAX - the songs practically leap out of the speakers to grab your neck and turn you head and make you move. Can't wait to hear what they do TIGA on his upcoming ""Sexor"" debut...?",__label__2 
" OMG Soulwax owns: wow - this is like the most amazing album ever. Every track so rocks...specially1) E-talking2) NyLipps3) I love Techo.great job guysMusicChoice played their whole album this Saturday night..and I was jamming to it the whole time going ""wow"".one more thing, if you're not into House/Techno/electronic then you don't want none of this, cause you won't feel it.",__label__2 
" Slow dull ""classical"" 1980's style movie: 2 stars of 5 for this slow dull ""classical"" 1980's style movie. This movie has a young Jason Bateman in the lead. Very very very slow and dull with a few moments of bad 1980's style music. To our relief the background music (which is very annoying) is kept to a minimum. Though it attempts to be an action/suspense movie, it achieves neither. I'd suggest skipping this movie.",__label__1 
" Thank you for Releasing it!!!!!: I loved this movie as a kid and I am so happy the powers that be have decided to release it finally! If you want to see a great 80's movie, this is it!",__label__2 
 Very Not Worth Your Time: The book was wriiten very horribly. I would never in my life recommend such a book. The stories lacked any mystery to them and did not leave me wanting to figure out who the culprit was. The only good thing was that none of the stories took up ten or twelve pages.,__label__1 
" Very fun and educational: Trains, shapes and pegs - a winning combination, guaranteed to make both the child and the parent happy. Good starter puzzle for the 1 yr old range.",__label__2 
" Ludicrous and silly: I remember getting this book so faintly that that says alot about my opinion of it. Basically, while I will entertain lots of odd ideas and theories, this book was basically silly.",__label__1 
" Artistry: I think that the Deodato concerts are very rich, as he used real strings and band musicians, as well as you can appreciate the John Tropea excelent renditions on guitar.",__label__2 
" Caution!: These tracks are not the ""original"" versions but are re-recorded versions. So, whether the tracks are ""remastered"" or not is irrelevant.",__label__1 
 textbook: Book shipped quickly and was in excellent condition as stated. Easy transaction would buy again,__label__2 
" a great book for Historical romance lovers: This is an engaging a count of life of Tess a girl who at a young age washed up on the shore of the Isle of May. With no memory of the life before then, she stays with the old caretakers of the isle. After the caretakers are dead a young man, Colin Macpherson washes up on shore. Colin takes Tess back with her to his castle where he helps her uncover her past. They are opposites,but you know what they say opposites attract. This book is just one of many in the Avon True Romance series. I have read every book in the series and I know that if you like this book you love the rest. This is a great book for girls about 10 to 16 because it is still a romance novel, but not what you call a trashy romance novel. It is a great novel fokr those who are just getting into romance novels.",__label__2 
" YES!!!: When I got this book, I wasn't expecting much, but man was I wrong! I loved this book! Now I may not usually be tied in by a man with long blond hair wearing a kilt, but the authors really made Colin into this enchanting Highlander. Tess is a very soft heroine. While she sometimes seems too guillible, I have to remember that it is part of the story. This is one of my favorite books in the series.",__label__2 
" Not the best in the series: Tess Lindsay is content to be the sole occupant of a remote island but when Colin Macpherson washes ashore her life of solitude gets shaken up. Tess had always been told to fear strange men but she reluctantly strikes up a friendship with Colin. Soon Tess discovers that she has a family she had forgotten about but will she have the courage to leave the island and start a new life?The beginning of this book is very amusing and the end is decent too but the middle is a big problem. The plot loses much of it's believability mostly due to the poor characterization. All of the new characters that are introduced are one sided and their behavior lacks reason. Even Tess and Colin's development is side tracked in much the same way and their relationship seems awkward and forced. The writing does improve towards the end but it's not enough to save the book. Unless you have your heart set on reading all of the books in the series, skip this one.",__label__1 
" ADDONICS PORTABLE CD DRIVE - I am disappointed in its performance: I am disappointed in its performance. It seems underpowered and is constantly trying to read CDs, half the time unsuccessfully. I am going to try to return it to Amazon.",__label__1 
" Too Uncomfortable and Too Big: These pants were way too big (looked about 2 sizes larger), and they were incredibly stiff. They would have been very uncomfortable for my daughter to wear all day.",__label__1 
" Very authentic: This is my first encounter with Yoruba and I have to say that CDs are really helping. However, the book is very short and not particular about certain aspects and details of grammar and other nuances - for someone who NEVER spoke Yoruba and doesn't have anybody to ask for a clue, it leaves a lot of questions unanswered - for this, however, there are hopefully other Yoruba textbooks.On the brighter note, I would like to add that the book does a very good job in giving a little insight on Yoruba people and Yoruba culture in general. I would recommend it as a good start book for anyone who wants to learn Yoruba - you can't go wrong with it.",__label__2 
" Not the best: I agree, the CDs are a much needed help, since it would be impossible to pronnounce the Yoruba tones without the help of a native speaker. However, the design of the book is really poor and confusing. I have found several spealling mistakes in English and Yoruba. And the grammar explanations are very hard to understand.Unfortunately there are not many Teach Yourself Yoruba books that are worth it. This one at least provides basic vocabulary and pronounciation skills.",__label__1 
" Doesn't Fit: I ordered this DashMat for a specific vehicle, it was not the correct mat. I returned the original one and they sent me an exact duplicate of the wrong mat. I can't seem to get the correct one and therefore it sits in a box!!!!!!",__label__1 
 You need a good memory: I play this with my grandchildren. It teaches us both the value of a good memory and is challenging for all. You sometimes miss the most obvious. Lots of fun--tic tac toe with a twist!,__label__2 
" Kelly Club Pet Parade at HIT!! My Daughter Loves IT!!: My 4 year old daughter LOVES this game. She sings the ""Strike Up The Band and Clap Your Hands for Kelly's Pet Parade!"" song around the house. She can dress the Kelly kids, ""train"" each pet (teach the pony to jump, etc.), clean and get the animals ready for the parade (paint the elephant's toe nails, etc.), and decorate the floats...all by herself. She'll get everything ready (showing me everything she has accomplished along the way) and then we'll watch her special parade. A wonderfully cute game that I highly recommend.She can mostly do the entire game on her own. I have it installed on a laptop so she is actually using the inset mouse and can still do the game. The only one she has a tough time with is the Polar Bear catching fish game. It's tricky to move your finger on the mouse pad and click at the same time to catch the fish. It would be much easier using a regular mouse.",__label__2 
 Loads of fun!: My 6-year old and 5-year old both really enjoy this game. Has lots to do with several different animals to prepare for the parade. You get to design a float and it just endless fun! Graphics and animation are very colorful and cute. It's a winner!,__label__2 
 easy and fun for 3-4yr olds: fun easy game if you can keep it from freezing. I've reinstalled it and done everything I know to do to correct the issue. It's a shame my 4yr old really likes it.,__label__1 
" Hours of Fun for my 4 and 6 year olds: We purchased this game a year ago and my girls still love to play it. Lot's of activities, they love to decorate the floats and watch the parade.",__label__2 
 slip on 2 1/2 in. heel shoes: i am completely satisfied in the manner my order was delivered.the shoes are just as awesome as the advertisement showed them to be.,__label__2 
" DDR is cooool!: This cd is really great.BUT ITS NOT A GAME!they're not long versons though, only 90 odd seconds each.If that Claire, also from the UK (who was disappointed with the cd) wants to get in touch, i know where you can get games with the songs you want.I'm assuming you're after all the cool songs from euromix.If so, they are on 2nd and 3rd mix games from japan.but there are also US versions available too.",__label__2 
 Amazing: i have ordered this cd of here but it will take abit to get to me as i live in England. But i have danced and sang along to it at the arcades ive been to and i think its great if you love to dance. My favorite songs are what a feeling and in the navey!! i also like captain jack but i love them all..,__label__2 
" I got fooled...: I did not know this was the audio cd of the game, I thought it could be used on the playstation. Maybe the other guys are from the US or somewhere where it is actually easy to get the game,and play it,but this was all in japanese and was not compatible with my machine. I am deeply disappointed as i love the arcade game, but the Dance stage euromix (Dance Dance Revolution equivalent) is lacking in decent tracks, many are jungle-y and are difficult to dance to them. Also, most of these tracks are unheard of here and are therefore not very enjoyable. However, my favourite are Keep on moving, make a Jam, and Video Killed the Radio star. But it gets a bit pedantic if you keep playing on these tracks. If anyone is in the same situation as I am, or those of you who are lucky enough the play on the newest version, can you please let me know where I can order one? I am in dance deprivation/boredom!",__label__1 
" I got fooled...: I did not know this was the audio cd of the game, I thought it could be used on the playstation. Maybe the other guys are from the US or somewhere where it is actually easy to get the game,and play it,but this was all in japanese and was not compatible with my machine. I am deeply disappointed as i love the arcade game, but the Dance stage euromix (Dance Dance Revolution equivalent) is lacking in decent tracks, many are jungle-y and are difficult to dance to them. Also, most of these tracks are unheard of here and are therefore not very enjoyable. If anyone is in the same situation as I am, or those of you who are lucky enough the play on the newest version, can you please let me know where I can order one? I am in dance deprivation/boredom!",__label__1 
" MORE THAN LETTERS...: I admit that I bought this album for the title track alone. After all, had that been the only good track on this CD I still would have felt that it was worth my money.But the title track is just the beginning for this fine country offering by John Michael Montgomery. I found myself listening to and enjoying every track on LETTERS FROM HOME. Montgomery's smoother-than-silk voice is one of the finest in country music today and his straight-forward approach to his music comes through in every note. You won't want to miss this one.THE HORSEMAN",__label__2 
" Worth the wait!: JMM has never released a bad album. Many would say this is a comeback album but every couple of years he releases an album with great hits. For some reason, radio hasn't played some of his great songs from his latest albums. ""Goes Good With Beer"" and ""Little Devil"" would be great singles to spice up country radio. ""Letters From Home"" deserves to be single of the year and ""Cool"" is not far behind. The more I listen to the album, the more I love it.",__label__2 
 letters from home: i like letters from home cuz it tells a story that if you really listen you can acctually hear john michael montgomery tell his story of soldiers and all that stuffi liked it and i like punk rock and rock so it must be good if i like it,__label__1 
 no good: I gave it 5 stars because my little dog had so much fun riping it apart but only took him 24 hrs to do it buy that is 23 hrs longer than other balls,__label__2 
" ESTE LIBRO CONTIENE TODO: LO QUE PENSE QUE NO ME INTERESABA SABER SOBRE EL BOX Y SUS CAMPEONES...PERO ME CAUTIVO Y LO LEI HASTA EL FINAL !AHORA SI PUEDO DISCUTIR DE BOX CON MI ESPOSO Y MIS CU?ADOS...?Y HASTA CON MI SUEGRO, QUE ES EX BOXEADOR !",__label__2 
" Oh!: This cereal is so sweet....yet so good for you! One taste=ADDICTION!!!! I just tried this cereal out of curiousity and I was hooked! It is an excellent breakfast choice, or just any time to eat! Especially as breakfast because you will crave more honey taste and you won't be hungry later {probably because of how much you'd eat} and it is actually sweeter and better than Honey Bunches of Oats. Cap'n Crunch Berries is an option, but this splendid cereal is SO FILLED WITH A HONEY-FILLED TASTE! I have not tried much better tasting cereal than this! Oh!",__label__2 
" Delicious and Addictive: This cereal is great because it tastes so good. You just crave it. But a word of warning: read the label. Last time my husband and I looked, it had saturated fat! All the other cereals in our cabinet did not... hmmmm. Another reviewer noticed this problem too!Also, Amazon's price of $23 is outrageous. It is between $1.99 to $2.50 in our stores.",__label__2 
" Oh where Oh where have my Oh's gone?: I was really distraught to go to my local Walmart and see that they stopped carrying my favorite cereal. But as was elated to find that ""the site who has everything including a church"" made it available to me by the 6-pack. Oh's is an amazing cereal. The one thing i dont like is the box is so small. I get maybe 3 bowls out of the entire box:-(.",__label__2 
 One of a kind book for timber frame building.: My husband loves this book. He said he has learned so much and that this was the best book to learn how to build a timber frame house by.,__label__2 
 no technical information: this book is a great over view of the joints used in building but has no information on beam spans or loads to actually build a building,__label__1 
 Hanford Mills museum: My friend is a master carpenter and he saw this book at a recent trip to Hanford Mills museum.He is an avid reader and loved the book so much that I am inclined to read it as well!! Enjoy.,__label__2 
 you will not be able to buils a timber frame house: This book vaguely breezed across history and went into various types of timber structures. The mortise and tenon joints that were illustrated were fascinating but not practical for a home builder.,__label__1 
" Outstanding guidebook for building your own timberframe home: My wife and I built a hybrid timber frame home using this book as a guide. Although we have construction skills, this book was invaluable in guiding us through the process. We can't wait to build another. We highly recommend this book to anyone considering a timber frame house.",__label__2 
" Excellent book, very poor e-book editing: Yet another example of an superb book done a serious disservice by e-book publishers.Multiple spelling errors, improperly placed figures & captions, whole sections of the book written in CAPS for some reason.If you are looking for an excellent reference on traditional timber framing, look no further, but please pick up the print version instead of the e-book.",__label__1 
" A very good how-to manual.: If you are expecting a book full of glossy sharp pictures, this is not the one to buy.A lot of drawings and BW pictures that inform what they need to. This is a very good manual for those who want to venture in a timber frame project.",__label__2 
" Poor instructions, but once you figure it out... kinda cool: These wraps were not doing anything when we placed them in ""hot"" water. We searched the internet and found others having the same problem. The instructions are very poor. First off, you need to dip in boiling water (or at least some temperature level above what I would call hot). Second, the instructions don't describe what should happen, should the image shrink around the egg, transfer to it -- what?Needless to say, it was frustrating for a minute or two, but my wife - who is very intelligent and great in the kitchen - immediately thought, ""well... hot water wouldn't do much to change the properties of the plastic, so let's try boiling water - nothing to lose.""Should be more explicit in the instructions. (We were using the star wars version of this product).",__label__1 
 Great Graphics!: 2006 Coast to Coast for PC is great! The graphics are awesome... The game is what I had hoped for and a lot more!!,__label__2 
" Dont run out to get Outrun unless your from 1985: Outrun was the biggest disappointment of my holidays.If you've just come home from a life in 1985 you might enjoy this. I read the reviews before buying but it didn't sink in what Arcade style meant. I am an addicted follower of Colin MacRea rally and thought to race a ferrari across the US would be cool. I was wrong. The games is to car racing what space invaders is to ""Battlefield"". The landscape moves instead of the car and you have these idiotic stages like impress your girlfriend with how many slides you can do. Total rubbish. Not anyones fault but mine, but I live in Ireland and got it shipped through Florida so it is a costly mistake.",__label__1 
" My Henry: I had Henry back in the 70's. I don't remember him with a nose since it was chewed off, but he was well loved. He's long gone and I thought I was the only one who ever had a Henry since nobody knew what I was talking about. I can't believe I've found him again!! Nobody can replace my original worn Henry, but I'm so excited to have his clone back!!",__label__2 
 Henry has come home...: I had Henry back in the early 70's. I am forty now and still have my original. I bought a new one for my Dad who is ill because I knew he would get the significance. Henry got me through the insecurities I had as a child and I am hoping he does the same for my Dad as he battles terminal cancer.Thanks for making him again.,__label__2 
" Charisma: What it is about ""Henry Dog"". My daughter was 6 when we gave her Henry. Love is not the word. Obsession! A few years later my ex-wife decided he had to go. Under the guise of an ""incurable"" lice infection my ex-wife threw him out. Trauma followed. We bought a replacement which my daughter has safely on her closet shelf. He is thread bare. I found him online and was overwhelmed to read the reviews at Amazon.com. None had less than 5 stars. Each story told how this little guy had touched their lives. These Henry owners, both girls and boys, cherished him as if he had been a ""real"" dog. I guess to them, he is. Daddy had to buy his little (40 year old) daughter a new one. I got both the 14"" and 3"". I was on the phone when she opened the box..... Henry was home again. My granddaughter saw Henry got excited and wanted one also. She is 19 years old. This company should bottle ""Henry Dog`s"" charisma. Thanks for keeping him alive.",__label__2 
" I found it! Henry Dog!: I had two Henry Dogs. One I lost in a ride at Walt Disney World, the second to replace it. I have no idea where Henry got to. But now that I found ""him"", I will have my friend again. I had this toy from the time I was six years old, almost 40 years ago, and I think I'll be seeing him again around Christmas time. It's a sweeet toy and really good for children of *all* ages!",__label__2 
" A Contemporary Fairytale Sure to Delight!: While this book is a take-off on the classic Snow White, it's a fairytale for grown ups with some class act characters and a rich and rewarding love story. I thoroughly enjoyed reading it, and look forward to more of Ms. Sinclair's works.",__label__2 
" Not Patterns - but Detailed Sketches: Although I was excited to purchase this book, my excitement didn't last when I looked at the sketches / pictures in the book. I call them pictures because that is what they truly are, not actual patterns. Norma Gregory's talent shows up well in her designs but due to their complicated rendering they are very difficult to transfer.This book is not for beginners - but more seasoned artisans.If you are looking for patterns, like I was, you will be disappointed in this book.",__label__1 
 great gift: my brother in law was thrilled with the clarity and instructional commentswill be looking for more titles by her,__label__2 
" Product didn't match the picture/description: Unless they sent me the wrong product by mistake, the foot cushion picture and description does not match the item delivered. I was under the impression I would receive two (a pair) of water filled foot cushions that I could insert into my shoes. Instead I received ONE foot cushion, filled with another material (not water) that you attach to your foot via a toe strap. I was definately not happy with the item and sent it back for a refund. Luckily for me Amazon has a great return policy... they make returns very easy!",__label__1 
" Good for a laugh: I heard about this book, so I wanted to read it to see if it was as funny and stupid (unintentionally) as I heard.I was not disappointed. Few things in life are free, and sex is defintely not among them.The perfect coda to this book is that the couple got divroced several years after publishing this book. You can't make this stuff up.",__label__1 
" As Bad a Production as Possible: This Broadway Theatre Archive production took one of the wittiest, most sparkling 18th-century comedies--and ruined it. The costumes are intentionally absurd (think Beach Blanket Babylon), the acting is way over-the-top-camp, and the incidental music could not be worse. The music, BTW, is a combination of pop Renaissance and pop modern; anything but 18th century. The director appears to have had the goal of showing that his company was just too hip and too modern to do anything but make fun of this silly, fusty old play.I like ""The School for Scandal"" very much, and not having found any other DVDs of it, I started out with the intention of keeping a recording of even a bad production. But when they got into the extended bop-be-bop of the drinking song scene, I knew I just couldn't ever sit through this one again.The visuals are also blurry, but with the production being so bad, so what? Anyone who actually likes this play will be revolted by this DVD.",__label__1 
" Not professional quality: I first tried buying this tape from a Marketplace seller. I sent it back because the tape quality was poor and the packaging looked unprofessional. After returning it I bought one from Amazon proper and . . . it was the same quality tape and the same packaging. Since I'm now sure this is not a bootleg tape, all I can say is . . . some videos are better than others.",__label__1 
" three to four stars - depending...: Classic drawing room comedy, period piece. Cleverly written in a time when the audience needed a bit of a nudge to figure out each character. Each person's name describes how you should feel about each! Charming idea from the 1700's. If you've never had a chance to see one of these comedies, take a look. This is a famous play and well done. Must see for theatre students.",__label__1 
" Good songs, bad cover.: This CD compilation set was purchased for me. I love the 80s, and they chose great songs. The songs are not performed by the original artists. Instead, they're poorly covered by ""the Starlite Singers"".",__label__1 
" New Wave 80s: I should have read the prior reviews of this record before buying it. Although it appears to be a collection of new wave singles from the 80s, these are just cover versions sung by the ""Starlite Singers"". The description of the record says that it is by ""various artists"" implying that they are by the original artists, but this is not true. Total garbage. The one bright spot is that I got a prompt refund when I returned it.",__label__1 
" Don't Be Fooled!: I bought this set last November and just now decided to listen to the CDs. Nowhere in the description on Amazon does it say not the original artists! In fact, it says various artists, which is deceiving because only one group performs all the songs. It leads one to believe original artists when it says various artists because it is, after all, a compilation of music by various artists! Duh! So, don't waste your money. I will probably throw these in the trash as I'm a purist and I want original, not wedding reception music!",__label__1 
" Buyers Beware!!!!!!!!!: This is one of those cheesy compilations where they find session bands and similar sounding artists to sing the songs. These are NOT ORIGINAL SONGS BY THE ARTISTS. If you loved K-TEL CD's and don't care about hearing the artists originals, and don't care about cheap sounding synthesizers playing the music or that fact that some of the vocalists are pretty bad, then you might like this cd. But if you are a fan of the 80's and the amazing music it produced, then buy other collections and don't waste your money on this schlock!!!!",__label__1 
 Sony basic Hi8 Handycam Rocks!: Performance is outstanding. I had a previous Sony 8 mm Handycam which died and I replaced it with this camera so I could continue to playback my old 8 mm tapes. This camera performs faster and is simpler to use than my old Sony. It does everything I need and does it well... I got a great deal.,__label__2 
 BEWARE!!: Bought this camera for Christmas. Had her open it first so she could film the nights party & NO TAPES ARE INCLUDED! Of course all stores are closed Christmas day so the thing is USELESS until the day after. Shame on Sony. How much would a tape included in the packace cost them ? Not included Battery chargers are ....,__label__1 
" 80's High Tech with Rock Emotion: Although all of Mr Hines work is high quality, Waving Not Drowning (for me) is the highlight of the 3 A&M projects. The song ""Curious Kind"" is simply a masterpiece!The remastering is of the quality you have come to expect from one of Rock's greatest producers, song writers, and performers.GET IT!",__label__2 
" Never gets going: This book never really seems to get going. There is too much time spent in the courtroom while basic questions about the crime and the suspect/defendant are left unasked.After 200 pages, I realized that this book wasn't going to pick up or reveal any crucial information to make sense out of things until the very end.As a result, the whole story rapped up very quickly in an unbelievable way and you are left wondering why no one could figure anything out earlier. Based on the ending, the detectives and attorneys appear rather incompetent.I did enjoy parts of the book, however, and I think the plot needs to be unfolded at a different rate (not so slow in the beginning and not so fast at the end). I am a McBain fan and think that some of his other books are better written.",__label__1 
" Now, The Rest of the Story: I knew there was something missing from the first book when I read it, because it didn't match what I heard her say years ago when she came to my church to speak. Now I know, the abuse was so difficult for her to talk about even when she wrote a book about it. Later, with the help of a trusted friend, she was able to tell the most difficult and abusive parts of her childhood experience. This what the second book is about. The most wonderful thing about Dorie, is that she is able to forgive her abusers and move on with her life. She is still able to have a successful and happy life, in spite of the horrendous abuse of her childhood. This is what so many women need to hear. With the Lord's help, it is possible!",__label__2 
" The baseball benchmark: I didn't refer to Baseball America as such. It was Cardinals GM Walt Jocketty who said it. And who am I to contradict? The best columnists in the game, from Peter Gammons, Tracy Ringolsby and Jayson Stark, to detailed information in ALL of baseball, from the Major Leagues to Japan, stats, scores, and the best and most extensive resource on prospect information, there's not a single serious fan in all of baseball who deserves such a title if is not a Baseball America subscriber. You got to read it if you want to know the stars of tomorrow (being tomorrow 6 years or 2 months). Top 10 prospects from every team till its massive Top 100 list, Baseball America covers it all. I know, I have been subscribed for 2 years now, and I can't think of living without it!",__label__2 
" Perfect for the die-hard baseball fan: I have read Baseball America off and on over the years and finally took the plunge and got a subscription. This is the best place to get coverage of the minors, college, and high school baseball so you know about the top prospects before others do.",__label__2 
" ""Uh oh he's been using Brand X"": An embarassment. Steer clear of this one folks. Just when you thought these guys were the last real ""fusion"" types about...Since when did the last great secret of the fusion world start taking pointers from Joe Satriani and listening to old Al DiMeola pratice sessions? Where the hell is Phil when you need him, oh yes, Tarzan. The star is for the Bruford and Wilding/Bonus tracks, and well does one really want those?",__label__1 
" This was an intriguing book that influenced my destiny.: I read ""Trouble on Titan"" around 1970, when the Apollo program was at its apex, and the human exploration of the Solar System seemed only a short step away. My review is based on old memories, but I can still remember a mining colony on Titan and jet craft using oxygen for fuel and burning Titan's methane atmosphere. We've learned much since this book was written, and Titan's atmosphere has less methane than we originally thought. However, this book was well written, and I am sure will intrigue my son as much as it intrigued his father, who is now working at NASA on the Cassini/Huygens mission to Saturn and Titan. This book has that old-style sci-fi flavor that made another world seem more like reality than fantasy. I think if you enjoyed the Lucky Starr and David Starr stories by Asimov, you will enjoy ""Trouble on Titan.""",__label__2 
" Peek a Fun!: We got these as a gift for our one year old. He loves them! He tries very hard to get all the little things out of the blocks - and obviously fails. He loves that some of them move, some of them jiggle, some of them make noise - its almost an adventure!The three year old also loves them because they incorporate the alphabet and he can easily identify the items inside: B - Banana, P - Penguin, U - Umbrella, Z - Zebra.Bonus - when the 1 y/o gets frustrated because he can't pry the items out of the block no matter how hard he tries, he usually flings them. The 3 y/o tends to use them to build walls or towers for the sole purpose of smashing another toy into them, or dropping them off high places. And I've stepped on two of them already. They seem to tolerate this treatment rather well.",__label__2 
" Excellent product: These Alphabet blocks are so beautiful they could be classed as works of art or collectors items. I have purchased two seys as gifts and will probably buy more,",__label__2 
" Great for Twins: I purchased the Alphabet blocks for my twin daughters. They are just over 8 months old and they love them. This product is a great learning tool for them for years to come but for now it a great teething toy!!! I would recommend this to anyone, plus I love Fisher Price.",__label__1 
" They're blocks - keep that in mind: We got these after seeing the Incrediblocks in the FP Catalog.There are little to no pizazz to the blocks. Some have features where you can ""spin"" them (like the letter Q - Queen) or the W (watermelon seeds that rattle) - but most are just a ""look at me"" type of a block.With that in mind - yes I like the product. They're blocks. They're meant for stacking, knocking over and banging - which my son loves (he's had these since he was 6 months). They're better than the plain wooden blocks because they're textured, they have objects inside, letters - lots of opportunities to learn letters, colors, objects, descriptions, etc.For now he's stacking, banging and knocking over. It'll be around for a while until he's ready to learn more words, colors, objects, animals. This review isn't profound or eye openings because again - they're just blocks. Keep that in mind when making your purchasing decision. It will not make your child an overnight rocket scientist =)",__label__2 
" Would have expected better!: I bought these for two reasons- blocks and educational letters. However, the letters are rubbing off. For the price I paid that was dissapointing. Other than that I love the concept and the objects inside are fun.",__label__1 
" Cute gift for a little baby: Although I felt it looked a bit chinsy, the mother had it on her wish list and was very happy to receive them.",__label__2 
" Great Blocks: My daughter loves her blocks. She will get them all out and look at each one until she finds her favorite. She likes to shake them and see what each one does. These are cute little blocks that have hours of imaginative playtime inside. They also have blunt corners, so no sharp edges like wood blocks for the safety of smaller children. The fact that they have the letters of the alphabet and a corresponding object inside makes them a great learning tool even for older tots. We have really enjoyed these and recommend them to our friends.",__label__2 
" Awesume! BEST BLOCKS EVER!: THIS TOY WAS OUR GRANDSON'S FAVORITE, SO I JUST HAD TO FIND IT AGAIN FOR OUR NEWEST GRANDCHILD. THANK GOODNESS FOR ONLINE SHOPPING.",__label__2 
" keeps his attention: My little boy is just getting interested in these blocks. They are too cute! He's learning to manipulate the block in his hands. The little things inside the blocks are adorable. Some spin, some twirl, some rock. A definate upgrade from the standard wooden blocks.",__label__2 
 Great value.: This set incorporates a lot of the favorites from other sets packaged in an A to Z learning format. I have been leary of purchasing too many of these blocks for storage reasons so the zippered case is a great bonus. Definitely worth every penny.,__label__2 
 Wonderful but not worth $80.: These are great blocks but they are definitely not worth the listed $79.99. They can be purchsed for about $20 many other places.,__label__2 
" Worth the investment: This is a great set of blocks. I researched different blocks for some time and found these to be the most durable, age and developmentally-appropriate, and highly-educational. $25 bucks may seem like a lot, but I think it is well worth it. I am very impressed with the quality.The size and shape of the blocks is just right. My son is 5-months old and he is able to hold the blocks perfectly in his little hands. PLUS, the blocks do not have sharp corners (like the wooden blocks also available on this site) that could hurt your little one (especially those of you with chewers!).One category that I rated this toy with only a 4 (instead of 5) is the ""fun"" factor. For younger babies that may not ""get it"" yet, this toy may not be as fun for them until they are a little bit older. My son is not yet able to fully comprehend that there are even toys inside the blocks, but then again he is only 5 months. Give him a couple of months and he'll really dig them!",__label__2 
" waste off money: this is not waterproof.its GARBAGE where batteries go in broke,while trying to adj.DO NOT BUY.you turn the end to control it,that loosens the battery cover where water gets in so how is it waterproff?????",__label__1 
" California Exotics Waterproof Delights Blue Ballsy: The California Exotics Waterproof Delights Blue Ballsy,is to spice up the relationship and it worked since the beginning,my other half likes it.",__label__2 
" small didn't work: It is very small compared to what i thought it would be, but even so it didn't work when we got it",__label__1 
" Makes for fascinating reading.: Whale naturalist and animal communicator Mary Getten goes beyond what other research has achieved in the way of whale study and communication processes: in 1991 she studied the J-Pod, a family of whales off Washington State. Her contention that they use direct telepathic communication between themselves and can do so with humans also makes for fascinating reading.Diane C. DonovanCalifornia Bookwatch",__label__2 
" Pretty Nifty!: I purchased these for a Halloween party, and then...like a dummy, I forgot to put them up! Nevertheless, I did hold them up around the house in search of a good place to hang them. They're pretty big and look really cool. I'd say there's a little bit of educational value too, as you can teach your children about the actual pictures they're depicting. Even though I forgot to hang them up, I really liked these scene setters and I'll be using them next year!",__label__2 
" Yet another unsubstantiated case....: While I believe in discrimination, I certainly can't believe what is in this book. It is an unsubstantiated smear campaign to rally the troups in higher ed to claw again for the preservation of academic freedom- a rally which falls flat.",__label__1 
" Molly Myers: Molly Myers, in her review of ""My Name is Rachel Corrie,"" describes the ISM as ""an organization dedicated to non-violence."" This is radical left-wing propaganda: ISM offices have regularly been used to hide terrorists and their weapons, ISM ""pacifists"" regularly throw rocks at IDF soldiers, and they're perfectly willing to use violence in order to sabotage the wall intended to keep ""innocent Palestinians"" from murdering Israelis.So please disregard Molly's reviews; they are biased in the extreme.",__label__1 
 Gardening lawn book: Four pages of the book was missing. It just happened to be the formulas that my husband needed. Fortunately he was able to copy our friends book. But I will hesitate to buy another book like this again.,__label__1 
" It's a knock off.: The official Chrono Trigger OST has 3 discs. This version has some of the major tracks on it, the audio quality is good, but Caveat Emptor (buyer beware) this is a Chinese knock-off.Oh and if you buy the 3 disc version, make sure the cover does not have a green and red logo reading ""FX"", for this is also a counterfeit. The serial numbers on the real soundtrack CDs are PSCN-5021, PSCN-5022, and PSCN-5023.",__label__1 
" Just a few.: These are the handful of tracks we hear over and over again. It's far from complete though.Missing such memorable tracks as ""sealed Door"", ""wings across time"" or ""At the Bottom of the Night"".It doesn't have a single battle theme accept the final boss.Hell this doesn't even have Lucca's theme and she's on the cover!Had I seen a track-list beforehand I wouldn't have bought this.I blame my self for not being more curious of the number of CD's.I'm sorry I paid $35 dollars American for this travesty, may Lavos have mercy on my soul.Save your selves(and your money) while you still can!",__label__1 
" It was ""ok"" but I won't watch it again: I watched this last night. And I don't remember enough of it to give it a indepth review. But it wasn't as bad as people are letting on nor was it as great as people are letting on. If you don't like your killer to be supernatural then don't bother with this. Its about a guy that comes back from the dead. His whole storyline is kinda silly and there are plot holes all over the place. The acting wasn't bad at all, and neither were the deaths. In fact it was kinda gory. But that doesn't make a great movie. The flashbacks were a little confusing as well. I wouldn't watch it again. But its far from the worst movie I've seen.",__label__1 
" Loved it! (P.S. Stephen Colletti is so hot!): I initially bought the movie just because Stephen Colletti (who I'm in love with) was one of the leads...and I really didn't expect much from what looks to be a low-budget indie horror flick. But, I really did like it! The lead girl who plays Jennifer (Nikki DeLoach) is really good. I can't believe I've never seen her in anything before? Maybe I have, but I didn't know!?! It was cool to see the guy from Weekend at Bernie's (Terry Kiser)...he is a really good actor. Too bad he was dead the whole time in both movies I saw him in, lol. Anyways, this was a cool movie and I'm glad I got it!",__label__2 
 mask maker: It was good horrifying never a dull moment u can watch and not be bored ir wondering when is a good part coming,__label__2 
" mask maker: I liked the film it has what every horror likes in this type of movie the suspense,mystery,good and bad times,plus a shocking ending that makes you think that there is more to story, and plot was very good Robert.",__label__2 
 NOT the worst American B-Movie: This movie was a horror film thhat displayed an effort to steer clear of typical horror movie dialogue and pacing. There are no blonde girls and the girls that are here don`t trip over the tree roots in the yard. Now a white girl did fall and twist her knee in the movie but guess what? It was not on a tree root!!!,__label__2 
" MASK OF FAMILIARITY: MASK MAKER takes us down a cinematic path often traveled and does it in a typically predictable fashion. A story of revenge with an unstoppable killer who murders his victims and uses their skinned faces to achieve some kind of beauty. Flashbacks reveal his motivation in an attempt to elicit some level of sympathy.MASK MAKER isn't the worst entry in this familiar territory but it doesn't tread new waters either. The cast performs on various levels of competence. WEEKEND AT BERNIE's Terry Kiser is an effective guilt-ridden buffoon. Treat Williams is ill-used in a cameo role. Horror vet Michael Berryman is unusually restrained in a small role. Nikki Deloach is no Jamie Lee Curtis in her leading role, giving a weak performance in a typical survivor role as the resilient resourceful female. Doomed fiance Stephen Colletti (sic) is equally flaccid.An open-ended finale paves the way for MASK MAKER II---something we definitely don't need.",__label__1 
" Unmasked..................: Sadly, there is absolutely nothing original in this movie. The filmmakers shamelessly borrowed from practically everyone, turning out a stale formula piece that is purely by the numbers. I couldn't find a thing that elevated this movie above a 100 other like films. The plot is standard: a group of kids spend the weekend at an old house with a bad history. A standard, run of the mill maniac kills them in unimaginative ways and of course no one notices until it's too late. Everything happens exactly on cue, in order, with no surprises, and no frights. This movie is safe and boring, it really couldn't have been any better if it tried. Not even the brief appearance of horror icon Michael Berryman (playing a nice guy for a change) can help the dullness of the script.Even the title is a misnomer! Although the original title, Maskerade, isn't any better.And I had such high hopes as this is one of my favorite genres.",__label__1 
" A museum exhibit inside a book: This book was in my library's Genealogy section, and you're not allowed to take Genealogy books out of the library. But I liked it enough to sit in the library and read it, in two sittings.This a quick read, because it has loads of pictures: photos of the ghetto and its inhabitants, and also pictures of artifacts such as ration cards, work certificates, yellow stars, etc. It's more like a museum exhibit than a simple book. Because of the format I think young people would be able to get something out of the book too, although it is clearly written for adults. Certainly it probably has the most information on the Kovno/Kaunas ghetto all in one place.Both researchers and the ordinary person interested in the Holocaust would enjoy this.Bonus: pages from the diary of Ilya Gerber are printed in this book; you can read extracts from the diary in Alexandra Zapruder'sSalvaged Pages: Young Writers' Diaries of the Holocaust.",__label__2 
" Great resource for Chinese/Eastern medincine: This is an excellent book to have as a reference fo eastern methodologies in medicine and healing. Unfortunately it is long out of print, but if you can get your hands on a copy of this text, you will not be dissappointed. In fact, if you are unhappy with it, I will be happy to purchase it from you as I have many peers that would happily use it.",__label__2 
" Why Is This A Good Book?: As someone who has been practicing Chinese Medicine for 16 years in San Diego (www.bodymindwellnesscenter.com), I find this book an excellent resource for anyone who wants and in dept primer into the theoretical basis and practical application of a system of medicine that originates in the Chinese philosophy that emphasizes the natural balance found in Nature and agriculture.",__label__2 
 A Book That Is Worth a Second Look: This book is great. It is very informative. It is easy to read and understand and has alot of pictures. i would recommend this book for any one wanting to learn about Chinese Medicine.,__label__2 
" Best game ever: This games makes even amazing games like starcraft and warcraft redundant. Warhammer has it all and does it better than anyone else. Truly great game, total fun, great combat, graphics, races, units, a pleasure to play.",__label__2 
" Guitar in Absentia: With all due respect to ambient music enthusiasts, I was really disappointed that there was no guitar work whatsoever on this album. Hillage fans of L and Fish Rising be forewarned.Steve Hillage was a pretty darn good guitarist. Maybe L was his showcase with members of Todd Rundgren's Utopia backing him up.Noting that other reviewers have rated this highly, I will give it another listen. However, I am dissapointed in the direction Steve has taken his music.",__label__1 
 Stiff and Smells like drying paint: You get what you pay for. This pillow is stiff and smelled like drying paint for 4 days. I thought I was getting a non name brand version of the Temperpedic pillow. I bought the real pillow for my mother years ago and paid many times the price. This thing doesn't even come close.,__label__1 
 Review of Pillow: This was a joke. I am sending the pillow back. Does not come close to what was advertised. I believe the cardboard box that it arrived in would have been softer under my head. I am giving it one star just so I can post this. I only wish the stars could go negative.,__label__1 
